Country Name,Country Code,1990,1991,1992,1993,1994,1995,1996,1997,1998,1999,2000,2001,2002,2003,2004,2005,2006,2007,2008,2009,2010,2011,2012,2013,2014,2015
Afghanistan,AFG,99.32611445,,,,,99.12732265,,,,,99.08951636,,,,,99.57416999,,,,,99.71792247,99.75565272,,99.19824711,,
Albania,ALB,100,,,,,100,,,,,100,,,,,100,,,,,100,99.91671839,,99.94232046,,
Algeria,DZA,99.99991977,,,,,99.99991255,,,,,99.99990648,,,,,99.9999011,,,,,99.99989615,99.99989465,,99.97018154,,
American Samoa,ASM,,,,,,,,,,,,,,,,,,,,,,,,,,
Andorra,ADO,100,,,,,100,,,,,97.35000538,,,,,100,,,,,34.08060014,34.07833615,,34.07380457,,
Angola,AGO,88.55454586,,,,,79.96302311,,,,,79.61046993,,,,,85.05083841,,,,,89.5311325,90.27089816,,90.28603723,,
Antigua and Barbuda,ATG,100,,,,,100,,,,,100,,,,,100,,,,,100,100,,100,,
Argentina,ARG,30.39367521,,,,,33.29350843,,,,,31.80078421,,,,,34.84254968,,,,,38.04749031,35.13274555,,35.21349422,,
Armenia,ARM,100,,,,,100,,,,,100,,,,,100,,,,,100,100,,98.19866483,,
Aruba,ABW,,,,,,,,,,,,,,,,,,,,,,,,,,
Australia,AUS,19.81679538,,,,,22.6112192,,,,,22.60858987,,,,,19.80938032,,,,,4.888039841,1.210032113,,0.282330209,,
Austria,AUT,100,,,,,99.89468015,,,,,97.64609952,,,,,99.27333374,,,,,96.38145,95.47517517,,88.25950678,,
Azerbaijan,AZE,100,,,,,100,,,,,100,,,,,100,,,,,100,100,,99.83452216,,
"Bahamas, The",BHS,99.22795927,,,,,99.26519392,,,,,99.33616139,,,,,97.1595084,,,,,84.91267134,84.13613872,,85.38988685,,
Bahrain,BHR,100,,,,,100,,,,,100,,,,,100,,,,,100,100,,100,,
Bangladesh,BGD,100,,,,,100,,,,,100,,,,,100,,,,,100,100,,100,,
Barbados,BRB,100,,,,,100,,,,,100,,,,,100,,,,,100,100,,100,,
Belarus,BLR,100,,,,,100,,,,,99.97343267,,,,,99.37835649,,,,,98.28183327,97.66658077,,92.47924749,,
Belgium,BEL,100,,,,,100,,,,,100,,,,,100,,,,,100,100,,100,,
Belize,BLZ,5.134289531,,,,,5.473072087,,,,,5.570389904,,,,,0.653484091,,,,,0,0,,0,,
Benin,BEN,100,,,,,100,,,,,100,,,,,100,,,,,100,100,,100,,
Bermuda,BMU,,,,,,,,,,,,,,,,,,,,,,,,,,
Bhutan,BTN,88.13277517,,,,,89.90171621,,,,,92.09449117,,,,,96.53508739,,,,,97.51690005,96.59857496,,94.76172223,,
Bolivia,BOL,1.442826329,,,,,0.563990081,,,,,1.068164863,,,,,27.48192978,,,,,33.68874715,37.07940408,,42.44316831,,
Bosnia and Herzegovina,BIH,100,,,,,100,,,,,100,,,,,100,,,,,100,100,,92.59739252,,
Botswana,BWA,1.169922514,,,,,0.436698045,,,,,0.382124586,,,,,0.115547194,,,,,1.690258164,18.56715794,,45.43897088,,
Brazil,BRA,28.95457799,,,,,25.99116116,,,,,28.10652884,,,,,36.22485021,,,,,44.10277669,46.81852206,,52.62460163,,
Brunei Darussalam,BRN,6.768499537,,,,,4.905912633,,,,,4.209605918,,,,,10.11873386,,,,,29.05332716,24.1704642,,35.87742483,,
Bulgaria,BGR,100,,,,,100,,,,,100,,,,,100,,,,,100,100,,99.36219799,,
Burkina Faso,BFA,100,,,,,100,,,,,100,,,,,100,,,,,100,100,,100,,
Burundi,BDI,100,,,,,100,,,,,100,,,,,100,,,,,100,100,,99.75636902,,
Cabo Verde,CPV,100,,,,,100,,,,,100,,,,,100,,,,,100,100,,100,,
Cambodia,KHM,52.42837115,,,,,48.81768918,,,,,68.73139234,,,,,98.04049877,,,,,99.32548424,99.27065958,,99.23784861,,
Cameroon,CMR,99.71189702,,,,,99.70082186,,,,,99.57383213,,,,,99.90792567,,,,,99.62785269,99.26876708,,95.84066744,,
Canada,CAN,54.84967874,,,,,52.02552198,,,,,52.01715013,,,,,58.12823813,,,,,58.68160286,58.92044195,,63.40991881,,
Cayman Islands,CYM,,,,,,,,,,,,,,,,,,,,,,,,,,
Central African Republic,CAF,100,,,,,100,,,,,100,,,,,100,,,,,100,100,,99.87782561,,
Chad,TCD,99.99928154,,,,,99.99926936,,,,,99.99926891,,,,,99.99928334,,,,,99.99927105,99.99927317,,99.99927748,,
Channel Islands,CHI,,,,,,,,,,,,,,,,,,,,,,,,,,
Chile,CHL,59.96620487,,,,,61.86877649,,,,,61.13889889,,,,,61.69811718,,,,,60.01892325,59.619748,,58.70878276,,
China,CHN,99.15324894,,,,,99.19981594,,,,,99.25887493,,,,,99.43796572,,,,,99.50428968,99.55752302,,99.5699729,,
Colombia,COL,41.91561324,,,,,31.73367339,,,,,38.5905697,,,,,57.30135464,,,,,68.20824537,67.80167839,,68.99846256,,
Comoros,COM,0,,,,,0,,,,,0,,,,,0,,,,,0,0,,0,,
"Congo, Dem. Rep.",ZAR,98.80551644,,,,,98.50777035,,,,,98.38040725,,,,,99.33305403,,,,,98.92550342,98.67727572,,97.32172353,,
"Congo, Rep.",COG,95.69694591,,,,,94.19512664,,,,,93.94344407,,,,,92.97519231,,,,,92.46113587,89.79351816,,81.16638403,,
Costa Rica,CRI,3.22781603,,,,,9.721616145,,,,,11.87167648,,,,,44.18633034,,,,,19.04702606,21.22301536,,36.56184699,,
Cote d'Ivoire,CIV,99.43940127,,,,,99.35103837,,,,,99.26321298,,,,,100,,,,,99.83517377,99.91643713,,99.00520694,,
Croatia,HRV,100,,,,,100,,,,,100,,,,,100,,,,,99.9028319,99.84429362,,97.92124214,,
Cuba,CUB,30.13745809,,,,,26.80589516,,,,,25.98552285,,,,,21.63219502,,,,,0.741705665,3.12195698,,10.98611464,,
Curacao,CUW,,,,,,,,,,,,,,,,,,,,,,,,,,
Cyprus,CYP,100,,,,,100,,,,,100,,,,,100,,,,,100,100,,99.78369236,,
Czech Republic,CZE,100,,,,,100,,,,,100,,,,,100,,,,,100,99.98571066,,98.55886102,,
Denmark,DNK,100,,,,,94.24143428,,,,,86.21824176,,,,,73.35714157,,,,,63.28442137,58.07477013,,49.44061774,,
Djibouti,DJI,100,,,,,100,,,,,100,,,,,100,,,,,100,100,,100,,
Dominica,DMA,100,,,,,100,,,,,100,,,,,100,,,,,100,100,,100,,
Dominican Republic,DOM,70.222131,,,,,76.0804137,,,,,78.31864187,,,,,83.04220542,,,,,76.03319002,83.86021192,,82.03325457,,
Ecuador,ECU,24.81579125,,,,,25.13295305,,,,,26.64376169,,,,,42.38592207,,,,,56.35237081,63.68306351,,70.78362089,,
"Egypt, Arab Rep.",EGY,100,,,,,100,,,,,100,,,,,100,,,,,100,100,,100,,
El Salvador,SLV,46.27878957,,,,,60.45476006,,,,,71.75122308,,,,,90.81742575,,,,,81.99740625,79.86761385,,75.85652392,,
Equatorial Guinea,GNQ,63.41178101,,,,,63.23152106,,,,,61.25814401,,,,,92.87633394,,,,,52.04851353,52.66798894,,58.59892343,,
Eritrea,ERI,100,,,,,100,,,,,100,,,,,100,,,,,100,100,,100,,
Estonia,EST,99.96889548,,,,,91.29456513,,,,,38.69566721,,,,,17.18327331,,,,,33.55868389,25.56687655,,32.18744101,,
Ethiopia,ETH,93.8969604,,,,,93.96416272,,,,,94.09560144,,,,,94.48197603,,,,,94.40207776,95.00918335,,95.92155747,,
Faeroe Islands,FRO,,,,,,,,,,,,,,,,,,,,,,,,,,
Fiji,FJI,0,,,,,0,,,,,0,,,,,0,,,,,0,0,,0,,
Finland,FIN,43.89028789,,,,,21.78370175,,,,,13.13829462,,,,,16.91877483,,,,,15.86736414,16.32940151,,17.20595679,,
France,FRA,99.99218648,,,,,99.9561408,,,,,99.68294606,,,,,99.82543759,,,,,95.6653768,93.29866518,,85.40397202,,
French Polynesia,PYF,,,,,,,,,,,,,,,,,,,,,,,,,,
Gabon,GAB,76.88706878,,,,,75.33855167,,,,,74.42445367,,,,,66.91188021,,,,,55.84348825,59.12730025,,63.73119422,,
"Gambia, The",GMB,100,,,,,100,,,,,100,,,,,100,,,,,100,100,,100,,
Georgia,GEO,99.82640128,,,,,99.24966288,,,,,97.89731438,,,,,98.92877009,,,,,97.98398297,98.26487313,,92.13265043,,
Germany,DEU,100,,,,,100,,,,,100,,,,,100,,,,,99.94618771,99.94045563,,95.25770708,,
Ghana,GHA,100,,,,,100,,,,,100,,,,,100,,,,,100,100,,99.94200838,,
Greece,GRC,100,,,,,100,,,,,100,,,,,100,,,,,100,100,,98.0181442,,
Greenland,GRL,,,,,,,,,,,,,,,,,,,,,,,,,,
Grenada,GRD,100,,,,,100,,,,,100,,,,,100,,,,,100,100,,100,,
Guam,GUM,,,,,,,,,,,,,,,,,,,,,,,,,,
Guatemala,GTM,70.39135766,,,,,80.73103982,,,,,85.65214304,,,,,94.80343995,,,,,78.88175172,78.26578089,,74.29277274,,
Guinea,GIN,100,,,,,100,,,,,100,,,,,100,,,,,100,100,,99.93133237,,
Guinea-Bissau,GNB,100,,,,,100,,,,,100,,,,,100,,,,,100,100,,100,,
Guyana,GUY,24.43004827,,,,,24.11971893,,,,,24.50248006,,,,,2.101611539,,,,,4.462506809,4.879242602,,22.21086192,,
Haiti,HTI,88.60025771,,,,,90.93712007,,,,,92.48256258,,,,,97.48316297,,,,,93.36620774,94.48282352,,92.78261286,,
Honduras,HND,26.80373953,,,,,28.51087302,,,,,30.27860649,,,,,33.08105342,,,,,25.27595555,17.10177879,,23.61502964,,
"Hong Kong SAR, China",HKG,,,,,,,,,,,,,,,,,,,,,,,,,,
Hungary,HUN,100,,,,,100,,,,,100,,,,,100,,,,,100,100,,98.96808535,,
Iceland,ISL,0.414909895,,,,,0.329403449,,,,,0.288627058,,,,,0.232897621,,,,,0.232086461,0.350142891,,0.895950871,,
India,IND,99.95878107,,,,,99.95901056,,,,,99.96343786,,,,,99.98021388,,,,,99.98727612,99.98666221,,99.98502373,,
Indonesia,IDN,85.61464799,,,,,80.54403195,,,,,68.68108577,,,,,66.52240383,,,,,71.16386576,73.45631,,76.19824644,,
"Iran, Islamic Rep.",IRN,99.99378312,,,,,99.99359701,,,,,99.99343385,,,,,99.99871525,,,,,99.99861669,99.99859561,,99.95932579,,
Iraq,IRQ,100,,,,,100,,,,,100,,,,,100,,,,,100,100,,99.93597552,,
Ireland,IRL,86.7184778,,,,,63.01857868,,,,,42.07013696,,,,,16.82346729,,,,,12.07314246,4.908606341,,8.383421002,,
Isle of Man,IMY,,,,,,,,,,,,,,,,,,,,,,,,,,
Israel,ISR,100,,,,,100,,,,,100,,,,,100,,,,,100,100,,100,,
Italy,ITA,100,,,,,100,,,,,100,,,,,99.99052185,,,,,99.978531,99.93823658,,97.07932217,,
Jamaica,JAM,68.08187169,,,,,70.11282236,,,,,76.30006247,,,,,95.20255147,,,,,85.23102182,86.73207193,,71.66680997,,
Japan,JPN,92.45437551,,,,,92.27789016,,,,,92.07065408,,,,,94.42105651,,,,,95.1569946,94.55885422,,92.27433679,,
Jordan,JOR,100,,,,,100,,,,,100,,,,,100,,,,,100,100,,100,,
Kazakhstan,KAZ,96.32128611,,,,,65.36071374,,,,,55.04966163,,,,,81.91901453,,,,,68.19329526,68.54232347,,70.77227767,,
Kenya,KEN,43.85987234,,,,,43.90609134,,,,,44.79210632,,,,,53.38632389,,,,,53.37682522,54.75176158,,59.7556111,,
Kiribati,KIR,0,,,,,0,,,,,0,,,,,0,,,,,0,0,,0,,
"Korea, Dem. Rep.",PRK,100,,,,,100,,,,,100,,,,,100,,,,,100,100,,99.63034912,,
"Korea, Rep.",KOR,100,,,,,100,,,,,100,,,,,100,,,,,100,100,,99.99521707,,
Kosovo,KSV,,,,,,,,,,,,,,,,,,,,,,,,,,
Kuwait,KWT,100,,,,,100,,,,,100,,,,,100,,,,,100,100,,100,,
Kyrgyz Republic,KGZ,99.18868326,,,,,98.7869277,,,,,98.42689511,,,,,98.02710937,,,,,98.70819276,98.61790073,,97.64587423,,
Lao PDR,LAO,93.03967147,,,,,93.08613599,,,,,96.70406299,,,,,100,,,,,100,100,,99.82593652,,
Latvia,LVA,100,,,,,99.99320793,,,,,93.913626,,,,,92.43347148,,,,,81.96992894,84.98945579,,82.75442222,,
Lebanon,LBN,100,,,,,100,,,,,100,,,,,100,,,,,100,100,,100,,
Lesotho,LSO,19.49095948,,,,,36.7947472,,,,,53.11135305,,,,,78.31198708,,,,,89.43048995,91.50246887,,82.38501154,,
Liberia,LBR,90.40773544,,,,,90.49936073,,,,,89.83323132,,,,,99.42711579,,,,,99.81768529,99.80439093,,95.07688476,,
Libya,LBY,100,,,,,100,,,,,100,,,,,100,,,,,100,100,,100,,
Liechtenstein,LIE,,,,,,,,,,,,,,,,,,,,,,,,,,
Lithuania,LTU,100,,,,,100,,,,,99.8903382,,,,,99.96777892,,,,,99.62632671,99.84994503,,91.79239135,,
Luxembourg,LUX,100,,,,,100,,,,,100,,,,,100,,,,,100,100,,100,,
"Macao SAR, China",MAC,,,,,,,,,,,,,,,,,,,,,,,,,,
"Macedonia, FYR",MKD,100,,,,,100,,,,,100,,,,,100,,,,,100,100,,99.15740079,,
Madagascar,MDG,0,,,,,0,,,,,0,,,,,0,,,,,0,0,,0.169109994,,
Malawi,MWI,0.705552112,,,,,0.411859263,,,,,0.423699085,,,,,0.728450535,,,,,10.79619856,13.09117612,,18.61254985,,
Malaysia,MYS,66.64689505,,,,,60.93952081,,,,,57.77401445,,,,,76.66433592,,,,,76.9804731,79.45332633,,79.36496939,,
Maldives,MDV,100,,,,,,,,,,,,,,,100,,,,,100,,,,,
Mali,MLI,100,,,,,100,,,,,100,,,,,100,,,,,100,100,,100,,
Malta,MLT,100,,,,,100,,,,,100,,,,,100,,,,,100,100,,100,,
Marshall Islands,MHL,,,,,,,,,,,,,,,,,,,,,,,,,,
Mauritania,MRT,100,,,,,100,,,,,100,,,,,100,,,,,100,100,,100,,
Mauritius,MUS,0.975213533,,,,,0.975208169,,,,,0.975219119,,,,,0.975175663,,,,,11.96262047,14.14965092,,26.6408985,,
Mexico,MEX,76.51316413,,,,,81.40308535,,,,,83.1921709,,,,,79.76070539,,,,,69.97403968,67.9150712,,61.93432427,,
"Micronesia, Fed. Sts.",FSM,0,,,,,0,,,,,0,,,,,0,,,,,0,0,,0,,
Moldova,MDA,100,,,,,100,,,,,100,,,,,100,,,,,100,100,,99.86409452,,
Monaco,MCO,,,,,,,,,,,,,,,,,,,,,,,,,,
Mongolia,MNG,27.45171633,,,,,21.93772983,,,,,20.07308594,,,,,19.43524024,,,,,20.01994158,19.19255479,,17.34441827,,
Montenegro,MNE,100,,,,,100,,,,,100,,,,,100,,,,,100,99.01591155,,92.69743464,,
Morocco,MAR,100,,,,,100,,,,,100,,,,,100,,,,,100,100,,99.78988473,,
Mozambique,MOZ,1.66730377,,,,,4.689465445,,,,,6.842463426,,,,,8.382499186,,,,,10.77404499,11.0793847,,13.30379733,,
Myanmar,MMR,96.31419309,,,,,96.12479863,,,,,97.25762373,,,,,99.29190324,,,,,99.83644487,99.83824193,,99.80494845,,
Namibia,NAM,34.54828582,,,,,26.82851284,,,,,26.13346588,,,,,4.653089291,,,,,6.899597721,8.715966412,,15.2818436,,
Nepal,NPL,99.79756916,,,,,99.80576076,,,,,99.81951798,,,,,99.80917903,,,,,99.83133136,99.83742408,,99.81293476,,
Netherlands,NLD,100,,,,,100,,,,,100,,,,,100,,,,,100,100,,99.99351904,,
New Caledonia,NCL,,,,,,,,,,,,,,,,,,,,,,,,,,
New Zealand,NZL,2.276712783,,,,,2.109481946,,,,,1.959868586,,,,,1.879275272,,,,,1.855169159,1.800802669,,1.723957267,,
Nicaragua,NIC,1.540923922,,,,,1.842809544,,,,,2.090577266,,,,,1.319966745,,,,,1.49651064,1.805457957,,3.80544326,,
Niger,NER,99.99941514,,,,,99.99937899,,,,,99.99933707,,,,,99.99930469,,,,,99.99927059,99.99926967,,99.99926831,,
Nigeria,NGA,100,,,,,100,,,,,100,,,,,100,,,,,99.95085978,99.96790763,,99.65916445,,
Northern Mariana Islands,MNP,,,,,,,,,,,,,,,,,,,,,,,,,,
Norway,NOR,40.09688579,,,,,28.71297865,,,,,19.99296899,,,,,17.7496934,,,,,13.29813242,11.18199774,,5.709369789,,
Oman,OMN,100,,,,,100,,,,,100,,,,,100,,,,,100,100,,100,,
Pakistan,PAK,99.99624231,,,,,99.99964555,,,,,99.99964774,,,,,99.99953425,,,,,99.99965165,99.99965199,,99.99965267,,
Palau,PLW,,,,,,,,,,,,,,,,,,,,,,,,,,
Panama,PAN,0.15428647,,,,,0.1150039,,,,,0.1454687,,,,,0,,,,,0,0.044991343,,4.28591742,,
Papua New Guinea,PNG,1.547023413,,,,,0.273214558,,,,,0.218069914,,,,,0.008616506,,,,,0.180518072,1.061219444,,3.844644589,,
Paraguay,PRY,18.59274077,,,,,18.96043398,,,,,23.51750852,,,,,41.47370879,,,,,49.69602805,54.1096228,,65.92861521,,
Peru,PER,27.72375036,,,,,29.18984903,,,,,33.07595855,,,,,37.64641992,,,,,39.19321493,40.94717769,,48.90565564,,
Philippines,PHL,37.22811446,,,,,40.23191743,,,,,41.89647353,,,,,39.45623385,,,,,38.49688032,34.287242,,34.16729815,,
Poland,POL,100,,,,,100,,,,,100,,,,,100,,,,,100,99.9255156,,97.40914538,,
Portugal,PRT,100,,,,,100,,,,,99.62498124,,,,,97.75588375,,,,,41.72079388,38.32285664,,37.39485039,,
Puerto Rico,PRI,,,,,,,,,,,,,,,,,,,,,,,,,,
Qatar,QAT,100,,,,,100,,,,,100,,,,,100,,,,,100,100,,100,,
Romania,ROM,100,,,,,100,,,,,99.98840246,,,,,100,,,,,99.89514026,99.8649266,,98.61990042,,
Russian Federation,RUS,87.15487325,,,,,82.65952877,,,,,77.83916047,,,,,83.72421944,,,,,77.19731179,76.85559442,,73.21227512,,
Rwanda,RWA,100,,,,,100,,,,,100,,,,,100,,,,,100,100,,98.20892882,,
Samoa,WSM,0,,,,,0,,,,,0,,,,,0,,,,,0,0,,0,,
San Marino,SMR,,,,,,,,,,,,,,,,,,,,,,,,,,
Sao Tome and Principe,STP,0,,,,,0,,,,,0,,,,,0,,,,,0,0,,0,,
Saudi Arabia,SAU,99.99054371,,,,,99.99048712,,,,,99.99043626,,,,,99.99039306,,,,,99.99034836,99.99034199,,99.99032973,,
Senegal,SEN,100,,,,,100,,,,,100,,,,,100,,,,,100,100,,100,,
Serbia,SRB,100,,,,,100,,,,,100,,,,,100,,,,,100,100,,97.42724574,,
Seychelles,SYC,0,,,,,0,,,,,0,,,,,0,,,,,0,0,,0,,
Sierra Leone,SLE,100,,,,,100,,,,,100,,,,,100,,,,,100,100,,100,,
Singapore,SGP,100,,,,,100,,,,,100,,,,,60.8292716,,,,,100,100,,100,,
Sint Maarten (Dutch part),SXM,,,,,,,,,,,,,,,,,,,,,,,,,,
Slovak Republic,SVK,100,,,,,100,,,,,99.96402579,,,,,99.60593183,,,,,99.90442784,99.7601725,,96.86140097,,
Slovenia,SVN,100,,,,,100,,,,,100,,,,,100,,,,,99.7129859,100,,95.42852438,,
Solomon Islands,SLB,0,,,,,0,,,,,0,,,,,0,,,,,0,0,,0.687056805,,
Somalia,SOM,35.49865211,,,,,31.70525707,,,,,28.29347891,,,,,24.45016116,,,,,22.12077018,23.6077575,,28.83233141,,
South Africa,ZAF,53.273661,,,,,57.12826706,,,,,61.57332541,,,,,67.21026424,,,,,72.85831778,72.76672924,,68.75542047,,
South Sudan,SSD,96.39536108,,,,,96.5439504,,,,,96.66177781,,,,,97.54151044,,,,,97.9151444,99.03106679,,99.6538834,,
Spain,ESP,99.76663835,,,,,99.37383617,,,,,98.75733287,,,,,95.67791477,,,,,85.94764475,80.995587,,69.59414787,,
Sri Lanka,LKA,68.74598921,,,,,76.01185068,,,,,84.85910891,,,,,99.59503262,,,,,100,100,,98.56321285,,
St. Kitts and Nevis,KNA,,,,,,,,,,,,,,,,,,,,,,,,,,
St. Lucia,LCA,100,,,,,100,,,,,100,,,,,100,,,,,100,100,,100,,
St. Martin (French part),MAF,,,,,,,,,,,,,,,,,,,,,,,,,,
St. Vincent and the Grenadines,VCT,100,,,,,100,,,,,100,,,,,100,,,,,100,100,,100,,
Sudan,SDN,100,,,,,100,,,,,100,,,,,100,,,,,100,100,,100,,
Suriname,SUR,7.144611055,,,,,7.010800765,,,,,6.992337417,,,,,26.82162789,,,,,12.36265481,43.00452766,,74.9288269,,
Swaziland,SWZ,0,,,,,8.460476772,,,,,20.46781601,,,,,60.62996013,,,,,72.66804895,78.12259716,,74.38826669,,
Sweden,SWE,69.96706296,,,,,45.36094896,,,,,27.01505451,,,,,29.75630557,,,,,17.46190243,15.06327075,,12.35327098,,
Switzerland,CHE,100,,,,,100,,,,,99.6597522,,,,,100,,,,,99.46619808,99.45910566,,96.30834599,,
Syrian Arab Republic,SYR,100,,,,,100,,,,,100,,,,,100,,,,,100,100,,100,,
Tajikistan,TJK,99.57868553,,,,,99.1072458,,,,,98.79273996,,,,,99.69424127,,,,,98.85273136,98.46423271,,98.46768427,,
Tanzania,TZA,13.36842007,,,,,13.30745259,,,,,13.05422523,,,,,14.6430768,,,,,14.40110254,16.47942415,,29.46354368,,
Thailand,THA,87.49836878,,,,,87.24696113,,,,,87.14112133,,,,,89.26072677,,,,,89.48422305,90.42497635,,92.02013441,,
Timor-Leste,TMP,0.747551404,,,,,0.745895615,,,,,0.743063137,,,,,0,,,,,0,0,,0,,
Togo,TGO,100,,,,,100,,,,,100,,,,,100,,,,,100,100,,100,,
Tonga,TON,0,,,,,0,,,,,0,,,,,0,,,,,0,0,,0,,
Trinidad and Tobago,TTO,35.38562263,,,,,35.74201853,,,,,36.09539261,,,,,20.71585266,,,,,52.19134029,35.48976796,,34.76328438,,
Tunisia,TUN,100,,,,,100,,,,,100,,,,,100,,,,,100,100,,99.67228011,,
Turkey,TUR,99.74823232,,,,,99.3307419,,,,,98.94320025,,,,,99.66422337,,,,,99.73606326,99.58530971,,97.63689659,,
Turkmenistan,TKM,100,,,,,100,,,,,100,,,,,100,,,,,100,100,,100,,
Turks and Caicos Islands,TCA,,,,,,,,,,,,,,,,,,,,,,,,,,
Tuvalu,TUV,,,,,,,,,,,,,,,,,,,,,,,,,,
Uganda,UGA,98.60606862,,,,,98.42812495,,,,,98.26004137,,,,,98.40206739,,,,,98.28505172,98.72559828,,99.45074872,,
Ukraine,UKR,100,,,,,100,,,,,100,,,,,100,,,,,100,99.99754914,,97.76054444,,
United Arab Emirates,ARE,99.75835423,,,,,99.78188637,,,,,99.79945255,,,,,99.81265689,,,,,99.82288269,99.82472598,,99.82835733,,
United Kingdom,GBR,98.95086393,,,,,96.44461962,,,,,89.67215457,,,,,83.5531836,,,,,77.73175215,75.34221609,,68.00463035,,
United States,USA,91.5057668,,,,,89.83505254,,,,,88.14834086,,,,,82.85342706,,,,,64.41947752,60.59479752,,50.21139999,,
Uruguay,URY,0.080197046,,,,,0.079937646,,,,,0.079666462,,,,,0,,,,,0,0,,0,,
Uzbekistan,UZB,100,,,,,100,,,,,100,,,,,100,,,,,99.99949533,99.99849083,,99.96980459,,
Vanuatu,VUT,0,,,,,0,,,,,0,,,,,0,,,,,0,0,,0.900936989,,
"Venezuela, RB",VEN,44.95720977,,,,,35.97790518,,,,,46.91490289,,,,,68.02036252,,,,,74.83900306,76.71047709,,77.88443942,,
Vietnam,VNM,80.02052473,,,,,83.00838635,,,,,86.15611004,,,,,94.32610171,,,,,96.73371767,96.979739,,96.86483591,,
Virgin Islands (U.S.),VIR,,,,,,,,,,,,,,,,,,,,,,,,,,
West Bank and Gaza,WBG,100,,,,,100,,,,,100,,,,,100,,,,,100,100,,100,,
"Yemen, Rep.",YEM,100,,,,,100,,,,,100,,,,,100,,,,,100,100,,100,,
Zambia,ZMB,39.67616428,,,,,29.58654774,,,,,34.04748759,,,,,38.09419518,,,,,56.53603027,61.68903439,,71.74383144,,
Zimbabwe,ZWE,8.638135626,,,,,8.278616975,,,,,8.583382175,,,,,10.87585302,,,,,21.77680696,24.08309614,,27.1973398,,
